<?xml version="1.0" encoding="UTF-8"?>
<project-private xmlns="http://www.netbeans.org/ns/project-private/1">
    <editor-bookmarks xmlns="http://www.netbeans.org/ns/editor-bookmarks/2" lastBookmarkId="0"/>
    <open-files xmlns="http://www.netbeans.org/ns/projectui-open-files/2">
        <group>
            <file>file:/C:/Users/shubham%20singh/Documents/NetBeansProjects/blood%20bank/src/HOME.java</file>
            <file>file:/C:/Users/shubham%20singh/Documents/NetBeansProjects/blood%20bank/src/about.java</file>
            <file>file:/C:/Users/shubham%20singh/Documents/NetBeansProjects/blood%20bank/src/Secure/MySqlConnect_1.java</file>
            <file>file:/C:/Users/shubham%20singh/Documents/NetBeansProjects/blood%20bank/src/testreport.java</file>
            <file>file:/C:/Users/shubham%20singh/Documents/NetBeansProjects/blood%20bank/src/Register.java</file>
            <file>file:/C:/Users/shubham%20singh/Documents/NetBeansProjects/blood%20bank/src/donorpage.java</file>
            <file>file:/C:/Users/shubham%20singh/Documents/NetBeansProjects/blood%20bank/src/Bloodbank.java</file>
            <file>file:/C:/Users/shubham%20singh/Documents/NetBeansProjects/blood%20bank/src/Bloodtype.java</file>
            <file>file:/C:/Users/shubham%20singh/Documents/NetBeansProjects/blood%20bank/src/Blooddonar.java</file>
            <file>file:/C:/Users/shubham%20singh/Documents/NetBeansProjects/blood%20bank/src/bloodcamp.java</file>
            <file>file:/C:/Users/shubham%20singh/Documents/NetBeansProjects/blood%20bank/src/recieverpage.java</file>
            <file>file:/C:/Users/shubham%20singh/Documents/NetBeansProjects/blood%20bank/src/thanku.java</file>
            <file>file:/C:/Users/shubham%20singh/Documents/NetBeansProjects/blood%20bank/src/welcome.java</file>
        </group>
    </open-files>
</project-private>
